{
  "fadermaster": {
    "brightness": 1,
    "temp": 1,
    "label": "labelmaster"
  },
  "fader1": {
    "ch_brightness": 1,
    "ch_color": 2,
    "brightness": 0.9597172737121582,
    "temp": 0.14298005402088165,
    "label": "label1"
  },
  "fader2": {
    "ch_brightness": 3,
    "ch_color": 4,
    "brightness": 0.8760380148887634,
    "temp": 0.30480605363845825,
    "label": "label2"
  },
  "fader3": {
    "ch_brightness": 5,
    "ch_color": 6,
    "brightness": 0.9367520809173584,
    "temp": 0.18170763552188873,
    "label": "label3"
  },
  "fader4": {
    "ch_brightness": 7,
    "ch_color": 8,
    "brightness": 0.9382787942886353,
    "temp": 0.36842992901802063,
    "label": "label4"
  },
  "fader5": {
    "ch_brightness": 9,
    "ch_color": 10,
    "brightness": 0.40162503719329834,
    "temp": 0.4804633557796478,
    "label": "label5"
  },
  "fader6": {
    "ch_brightness": 11,
    "ch_color": 12,
    "brightness": 0.4320538341999054,
    "temp": 0.570366621017456,
    "label": "label6"
  },
  "fader7": {
    "ch_brightness": 13,
    "ch_color": 14,
    "brightness": 0,
    "temp": 0.4362032413482666,
    "label": "label7"
  },
  "fader8": {
    "ch_brightness": 15,
    "ch_color": 16,
    "brightness": 0,
    "temp": 0.9622615575790405,
    "label": "label8"
  },
  "fader9": {
    "ch_brightness": 17,
    "ch_color": 18,
    "brightness": 0,
    "temp": 0.8179466128349304,
    "label": "label9"
  },
  "fader10": {
    "ch_brightness": 19,
    "ch_color": 20,
    "brightness": 0,
    "temp": 0.3214035928249359,
    "label": "label10"
  }
}